{"cameraMode":{"drawMode":0,"name":"Shaded","section":"Shading Mode"},"sceneLighting":true,"audioPlay":false,"sceneViewState":{"showFog":true,"showMaterialUpdate":false,"showSkybox":true,"showFlares":true,"showImageEffects":true,"showParticleSystems":true},"in2DMode":false,"pivot":{"x":12.647554397583008,"y":0.22501710057258607,"z":-3.8373963832855226},"rotation":{"x":-0.29016464948654177,"y":-0.37566205859184267,"z":0.12511563301086427,"w":-0.8712225556373596},"size":8.87773609161377,"orthographic":true}