{"cameraMode":{"drawMode":0,"name":"Shaded","section":"Shading Mode"},"sceneLighting":false,"audioPlay":false,"sceneViewState":{"showFog":true,"showMaterialUpdate":false,"showSkybox":true,"showFlares":true,"showImageEffects":true,"showParticleSystems":true},"in2DMode":false,"pivot":{"x":-0.014470338821411133,"y":2.096830368041992,"z":-0.5030584335327148},"rotation":{"x":-0.3722918629646301,"y":0.1378917098045349,"z":-0.056037601083517078,"w":-0.9161028861999512},"size":7.103153228759766,"orthographic":false}