{"cameraMode":{"drawMode":0,"name":"Shaded","section":"Shading Mode"},"sceneLighting":true,"audioPlay":false,"sceneViewState":{"showFog":true,"showMaterialUpdate":false,"showSkybox":true,"showFlares":true,"showImageEffects":true,"showParticleSystems":true},"in2DMode":false,"pivot":{"x":-0.9431076049804688,"y":7.053051471710205,"z":-0.34076499938964846},"rotation":{"x":-0.05089671537280083,"y":0.905500590801239,"z":-0.11360567063093186,"w":-0.4056748151779175},"size":22.0,"orthographic":false}